{"cameraMode":{"drawMode":0,"name":"Shaded","section":"Shading Mode"},"sceneLighting":false,"audioPlay":false,"sceneViewState":{"m_AlwaysRefresh":true,"showFog":true,"showSkybox":false,"showFlares":true,"showImageEffects":true,"showParticleSystems":true,"showVisualEffectGraphs":true,"m_FxEnabled":true},"in2DMode":false,"pivot":{"x":768.3753662109375,"y":449.53729248046877,"z":4.14910888671875},"rotation":{"x":0.15664584934711457,"y":0.05034694820642471,"z":-0.00799588207155466,"w":0.9863390326499939},"size":255.81466674804688,"orthographic":false}