{"cameraMode":{"drawMode":0,"name":"Shaded","section":"Shading Mode"},"sceneLighting":true,"audioPlay":false,"sceneViewState":{"m_AlwaysRefresh":true,"showFog":true,"showSkybox":true,"showFlares":true,"showImageEffects":true,"showParticleSystems":true,"showVisualEffectGraphs":true,"m_FxEnabled":true},"in2DMode":false,"pivot":{"x":66.23944854736328,"y":-47.022254943847659,"z":63.938621520996097},"rotation":{"x":0.2062722146511078,"y":0.3244974613189697,"z":-0.07273605465888977,"w":0.9202661514282227},"size":61.014461517333987,"orthographic":false}